Location,Latitude,Longitude
Ahilyanagar Bus Stand,19.1027‚àòN,74.7431‚àòE
MIDC Area,19.1562‚àòN,74.7010‚àòE
Savedi,19.1162‚àòN,74.7354‚àòE
Shirdi Road,19.8200‚àòN,74.4700‚àòE
Kopargaon Bus Stand,19.8891‚àòN,74.4822‚àòE
Kopargaon Market,19.8915‚àòN,74.4845‚àòE
Rahata Village,19.7541‚àòN,74.4812‚àòE
Shirdi Temple Area,19.7645‚àòN,74.4752‚àòE
Puntamba Road,19.8850‚àòN,74.4900‚àòE
Kolpewadi,19.8938‚àòN,74.3624‚àòE
Sangamner Bus Stand,19.5772‚àòN,74.2091‚àòE
Station Road Ahilyanagar,19.0881‚àòN,74.7432‚àòE
Pipeline Road,19.1230‚àòN,74.7310‚àòE
Rahata Market,19.7560‚àòN,74.4830‚àòE
Shirdi Airport Road,19.6912‚àòN,74.3845‚àòE
Jejuri Road,18.2750‚àòN,74.1620‚àòE
Kolhar Road,19.5540‚àòN,74.5240‚àòE
Kopargaon Railway Station,19.9234‚àòN,74.4449‚àòE
Savedi Chowk,19.1180‚àòN,74.7360‚àòE
MIDC Chowk,19.1580‚àòN,74.7030‚àòE
Shirdi Bus Stand,19.7670‚àòN,74.4730‚àòE
Nagar College Road,19.0960‚àòN,74.7390‚àòE
Pathardi Road,19.1000‚àòN,74.7600‚àòE
Rahuri Road,19.3892‚àòN,74.6501‚àòE
Belapur Road,19.5800‚àòN,74.6500‚àòE
Kolpewadi School Area,19.8950‚àòN,74.3640‚àòE
Puntamba Bridge,19.7650‚àòN,74.6150‚àòE
Shirdi Rahata Road,19.7600‚àòN,74.4780‚àòE
Sinnar Road,19.8800‚àòN,74.4600‚àòE
Chitali Road,19.7800‚àòN,74.5500‚àòE
Kopargaon Shivaji Chowk,19.8872‚àòN,74.4855‚àòE
Kopargaon MIDC Gate,19.8820‚àòN,74.4650‚àòE
Godavari Bridge Kopargaon,19.8975‚àòN,74.4802‚àòE
Market Chowk Kopargaon,19.8912‚àòN,74.4842‚àòE
Railway Gate Kopargaon,19.9100‚àòN,74.4600‚àòE
Old City Kopargaon,19.8950‚àòN,74.4870‚àòE
Bus Stand Exit Kopargaon,19.8895‚àòN,74.4825‚àòE
Kopargaon Bus Stand,19.8891‚àòN,74.4822‚àòE
Kopargaon Market Road,19.8910‚àòN,74.4840‚àòE
Kopargaon Market Road,19.8910‚àòN,74.4840‚àòE
Kopargaon Railway Station,19.9234‚àòN,74.4449‚àòE
Kopargaon MIDC Internal Road,19.8815‚àòN,74.4645‚àòE
Kopargaon Sugar Factory Road,19.8700‚àòN,74.4900‚àòE
Kopargaon Sugar Factory Road,19.8700‚àòN,74.4900‚àòE
Kopargaon College Road,19.8885‚àòN,74.4753‚àòE
Kopargaon College Road,19.8885‚àòN,74.4753‚àòE
Kopargaon Hospital Road,19.8905‚àòN,74.4800‚àòE
Kopargaon Hospital Road,19.8905‚àòN,74.4800‚àòE
Kopargaon Court Area,19.8920‚àòN,74.4841‚àòE
Kopargaon Court Area,19.8920‚àòN,74.4841‚àòE
Kopargaon Shivaji Chowk,19.8872‚àòN,74.4855‚àòE
Kopargaon Shivaji Chowk,19.8872‚àòN,74.4855‚àòE
Kopargaon Main Road NH160,19.8860‚àòN,74.4830‚àòE
Kopargaon Main Road NH160,19.8860‚àòN,74.4830‚àòE
Kopargaon Rahata Road Junction,19.8855‚àòN,74.4820‚àòE
Kopargaon Rahata Road Junction,19.8855‚àòN,74.4820‚àòE
Kopargaon Puntamba Road Entry,19.8852‚àòN,74.4890‚àòE
Kopargaon Puntamba Road Entry,19.8852‚àòN,74.4890‚àòE
Kopargaon Kolpewadi Road,19.8900‚àòN,74.4600‚àòE
Kopargaon Kolpewadi Road,19.8900‚àòN,74.4600‚àòE
Kopargaon Godavari Bridge,19.8975‚àòN,74.4802‚àòE
Kopargaon Godavari Bridge,19.8975‚àòN,74.4802‚àòE
Kopargaon Bus Depot Chowk,19.8890‚àòN,74.4820‚àòE
Kopargaon Bus Depot Chowk,19.8890‚àòN,74.4820‚àòE
Kopargaon Market Chowk,19.8912‚àòN,74.4842‚àòE
Kopargaon Market Chowk,19.8912‚àòN,74.4842‚àòE
Kopargaon Police Station Road,19.8930‚àòN,74.4850‚àòE
Kopargaon Police Station Road,19.8930‚àòN,74.4850‚àòE
Kopargaon Bus Stand Internal,19.8891‚àòN,74.4822‚àòE
Kopargaon Bus Stand Internal,19.8891‚àòN,74.4822‚àòE
Kopargaon Petrol Pump Area,19.8880‚àòN,74.4835‚àòE
Kopargaon Petrol Pump Area,19.8880‚àòN,74.4835‚àòE
Kopargaon Railway Gate,19.9105‚àòN,74.4595‚àòE
Kopargaon Railway Gate,19.9105‚àòN,74.4595‚àòE
Kopargaon Old City Area,19.8955‚àòN,74.4875‚àòE
Kopargaon Old City Area,19.8955‚àòN,74.4875‚àòE
Kopargaon Bus Stand Road Exit,19.8896‚àòN,74.4826‚àòE
Kopargaon Bus Stand Road Exit,19.8896‚àòN,74.4826‚àòE
